id,idade,renda,cidade,categoria,nota,feedback
1,36,6679.16,São Paulo,B,5.4,Bom
2,29,9274.41,Vitória,,8.8,Regular
3,68,4236.21,Belo Horizonte,B,4.4,Regular
4,67,8833.66,São Paulo,A,4.9,Bom
5,34,9373.7,Vitória,B,3.1,Bom
6,55,4949.9,Vitória,A,6.8,Ruim
7,59,11904.9,Belo Horizonte,A,10.0,Ruim
8,24,5841.06,Belo Horizonte,B,9.3,Ruim
9,59,7323.71,Rio de Janeiro,A,0.3,Bom
10,19,6480.85,Vitória,B,5.4,Ruim
11,19,6461.43,São Paulo,B,6.4,Bom
12,46,11788.36,Vitória,A,4.8,Regular
13,37,10408.21,Rio de Janeiro,B,7.4,Regular
14,64,12517.17,Vitória,A,,Regular
15,25,3289.04,Belo Horizonte,B,2.1,Ruim
16,33,12513.4,Belo Horizonte,A,0.8,Regular
17,49,11819.89,Belo Horizonte,B,8.3,Ruim
18,60,10080.78,Vitória,B,3.9,Ruim
19,55,5420.75,Rio de Janeiro,B,7.6,Ruim
20,48,5330.01,Belo Horizonte,B,9.5,Ruim
21,58,4581.58,Belo Horizonte,A,7.4,Ruim
22,21,12252.27,Belo Horizonte,B,8.4,Ruim
23,35,12318.78,Rio de Janeiro,B,4.2,Bom
24,37,11465.25,Rio de Janeiro,A,3.2,Bom
25,61,8518.78,Belo Horizonte,B,9.4,Bom
26,46,8523.67,Vitória,B,8.4,Regular
27,21,1811.66,São Paulo,B,7.9,Regular
28,38,4225.25,Rio de Janeiro,A,9.4,Regular
29,66,3877.15,Belo Horizonte,A,8.6,Bom
30,44,4814.78,São Paulo,B,3.4,Ruim
31,52,1859.6,Belo Horizonte,A,8.3,Bom
32,10,1015.07,Rio de Janeiro,A,-2.6,Bom
33,45,10010.43,Belo Horizonte,A,2.1,Bom
34,53,10043.87,São Paulo,A,6.2,Bom
35,24,5522.95,Vitória,B,5.8,Bom
36,57,4819.21,Rio de Janeiro,A,4.8,Ruim
37,20,4733.38,Rio de Janeiro,A,6.7,Bom
38,23,8095.9,,A,1.6,Bom
39,20,7622.35,Vitória,B,3.7,Regular
40,50,5862.13,Vitória,B,0.1,Ruim
41,46,4115.62,Belo Horizonte,A,5.7,Ruim
42,45,7330.15,São Paulo,A,6.4,Ruim
43,21,5628.98,São Paulo,B,7.1,Regular
44,40,7556.26,São Paulo,B,1.9,Ruim
45,48,4179.2,São Paulo,A,9.5,Regular
46,51,8676.28,São Paulo,A,5.6,Ruim
47,24,7275.37,Vitória,B,4.1,Ruim
48,37,12569.17,Vitória,B,9.6,Bom
49,30,6306.35,Belo Horizonte,B,9.4,Ruim
50,57,1816.09,Vitória,B,1.9,Bom
51,35,5948.86,Rio de Janeiro,A,5.5,Regular
52,66,6309.7,São Paulo,B,1.6,Regular
53,27,12756.62,Rio de Janeiro,B,4.0,Regular
54,27,12800.42,Vitória,B,7.2,Regular
55,52,1531.76,São Paulo,B,2.5,Bom
56,59,2380.74,Belo Horizonte,A,2.1,Bom
57,50,6912.38,Vitória,B,3.4,Ruim
58,62,12016.13,Belo Horizonte,B,2.4,Bom
59,63,6632.07,Rio de Janeiro,B,5.7,Bom
60,34,4577.06,Vitória,A,0.4,Bom
61,48,7732.79,São Paulo,A,1.1,Regular
62,47,,,B,6.2,Ruim
63,64,2458.45,Vitória,B,9.3,Regular
64,68,2776.71,Belo Horizonte,A,5.9,Regular
65,37,6324.21,Vitória,B,8.0,Bom
66,60,12049.53,São Paulo,,1.5,Bom
67,45,3652.42,Belo Horizonte,B,7.1,Ruim
68,53,6464.47,Rio de Janeiro,B,0.3,Ruim
69,54,7205.7,Vitória,A,5.4,Ruim
70,26,3160.26,São Paulo,A,1.7,Bom
71,16,4953.0,Belo Horizonte,A,3.3,Bom
72,29,8975.01,Rio de Janeiro,A,9.0,Regular
73,22,5130.56,Rio de Janeiro,B,1.9,Ruim
74,65,10225.07,Rio de Janeiro,B,4.1,Bom
75,39,3261.28,São Paulo,B,0.1,Ruim
76,28,3088.82,Vitória,A,1.6,Ruim
77,107,42714.95,Rio de Janeiro,A,-4.9,Bom
78,25,2790.58,São Paulo,A,6.3,Bom
79,50,1719.98,São Paulo,B,9.2,Bom
80,25,8043.78,Vitória,A,7.1,Ruim
81,43,6225.7,Vitória,A,7.9,Ruim
82,54,8239.44,Vitória,A,2.6,Bom
83,51,9691.02,São Paulo,B,8.1,Regular
84,22,7512.6,Belo Horizonte,A,7.2,Regular
85,44,2049.14,Rio de Janeiro,B,5.7,Regular
86,50,7923.66,Rio de Janeiro,A,8.5,Ruim
87,17,3345.55,Vitória,B,7.8,Bom
88,39,3633.57,Belo Horizonte,A,8.1,Regular
89,66,1876.1,São Paulo,B,1.9,Bom
90,20,2379.58,Rio de Janeiro,,7.6,Bom
91,51,3659.89,Belo Horizonte,B,1.0,Bom
92,22,4207.4,Rio de Janeiro,A,4.6,Bom
93,26,10780.68,Belo Horizonte,B,1.4,Ruim
94,42,6791.98,Rio de Janeiro,A,5.5,Ruim
95,62,6718.8,Belo Horizonte,B,0.5,Bom
96,67,2456.23,Rio de Janeiro,B,8.6,Bom
97,52,5311.49,Rio de Janeiro,B,9.2,Regular
98,47,9765.87,São Paulo,B,3.4,Ruim
99,26,3693.63,São Paulo,B,9.8,Bom
100,16,12702.91,São Paulo,B,8.9,Ruim
101,50,10495.67,São Paulo,B,7.4,Regular
102,36,5390.56,Vitória,A,3.4,Bom
103,25,3078.26,São Paulo,A,2.8,Ruim
104,,4325.07,Vitória,B,9.3,Ruim
105,40,5954.72,Rio de Janeiro,A,4.4,Regular
106,22,2661.72,São Paulo,B,1.3,Ruim
107,22,9678.34,Rio de Janeiro,B,3.0,Bom
108,49,4242.87,São Paulo,B,7.4,Regular
109,21,4534.79,Belo Horizonte,B,2.7,Regular
110,29,1538.53,Rio de Janeiro,B,,Ruim
111,55,2077.66,Rio de Janeiro,A,0.1,Regular
112,25,12809.48,Rio de Janeiro,B,1.2,Bom
113,18,2959.8,Rio de Janeiro,A,6.4,Bom
114,41,8537.8,Rio de Janeiro,A,5.3,Regular
115,70,12905.18,Vitória,B,0.9,Bom
116,29,1692.53,Rio de Janeiro,A,4.4,Bom
117,56,2192.88,Vitória,A,5.5,Bom
118,59,1800.67,Rio de Janeiro,B,8.4,Bom
119,27,2293.63,Belo Horizonte,B,5.3,Regular
120,64,9141.7,Belo Horizonte,B,7.0,Bom
121,22,,Belo Horizonte,B,8.8,Regular
122,49,3867.62,Rio de Janeiro,A,4.4,Bom
123,51,1454.68,Rio de Janeiro,B,5.0,Bom
124,33,4144.41,São Paulo,B,2.5,Ruim
125,24,2512.76,Vitória,A,2.0,Ruim
126,11,41352.49,Rio de Janeiro,A,14.7,Ruim
127,56,5345.82,São Paulo,B,7.9,Ruim
128,50,7713.09,Rio de Janeiro,A,4.5,Regular
129,64,1811.84,Rio de Janeiro,B,7.8,Ruim
130,26,5209.14,Belo Horizonte,B,3.2,Bom
131,57,4172.91,Vitória,A,5.8,Ruim
132,48,11128.97,Rio de Janeiro,B,0.3,Regular
133,59,2012.0,Rio de Janeiro,B,5.2,Bom
134,70,5038.22,São Paulo,B,4.5,Regular
135,58,11217.97,São Paulo,B,0.1,Regular
136,21,10410.09,Rio de Janeiro,B,2.8,Ruim
137,37,11088.19,Vitória,A,1.4,Ruim
138,45,2555.53,Vitória,B,1.7,Ruim
139,52,5758.66,São Paulo,A,6.1,Ruim
140,44,6805.76,São Paulo,A,8.7,Regular
141,48,3273.47,Rio de Janeiro,A,0.3,Regular
142,58,6906.05,São Paulo,B,2.2,Bom
143,52,9425.85,Vitória,A,2.7,Regular
144,34,11395.72,Rio de Janeiro,B,5.7,Regular
145,17,5495.59,Vitória,B,9.0,Regular
146,60,8785.76,Belo Horizonte,B,5.0,Ruim
147,26,6075.84,Belo Horizonte,A,4.9,Regular
148,70,9065.98,São Paulo,A,3.2,Ruim
149,36,2086.84,Belo Horizonte,A,8.0,Ruim
150,29,10079.05,Vitória,B,6.1,Regular
151,59,6481.72,São Paulo,B,8.1,Bom
152,56,2151.68,Rio de Janeiro,A,1.2,Ruim
153,28,8517.34,Belo Horizonte,B,1.2,Ruim
154,56,11471.03,Vitória,A,1.2,Ruim
155,44,6038.31,Rio de Janeiro,B,9.0,Bom
156,54,1875.17,São Paulo,B,5.9,Ruim
157,37,5126.25,Vitória,A,3.1,Regular
158,22,8285.43,Rio de Janeiro,B,5.2,Ruim
159,69,11206.84,São Paulo,B,3.2,Ruim
160,37,12804.17,Belo Horizonte,A,3.6,Regular
161,18,4285.86,São Paulo,B,7.6,Ruim
162,31,10953.93,São Paulo,A,6.2,Ruim
163,65,4877.77,São Paulo,A,3.8,Ruim
164,22,1322.59,Rio de Janeiro,B,5.0,Regular
165,36,7799.12,Belo Horizonte,B,0.6,Regular
166,48,4344.37,Vitória,B,0.9,Regular
167,30,4066.87,São Paulo,B,3.1,Ruim
168,19,11775.96,Vitória,A,2.8,Bom
169,60,2266.63,Rio de Janeiro,B,4.3,Bom
170,37,2328.42,Rio de Janeiro,B,6.7,Ruim
171,57,6964.13,Rio de Janeiro,A,8.4,Regular
172,22,5152.43,Belo Horizonte,B,5.3,Bom
173,27,7984.23,Belo Horizonte,B,9.1,Bom
174,38,6252.45,São Paulo,B,3.6,Regular
175,17,4760.11,Vitória,B,9.7,Ruim
176,51,11198.05,São Paulo,B,9.8,Bom
177,18,2928.73,Rio de Janeiro,A,0.8,Ruim
178,32,7639.24,São Paulo,B,9.0,Ruim
179,38,6188.0,Rio de Janeiro,B,0.7,Regular
180,58,7079.05,São Paulo,B,0.8,Regular
181,69,11525.58,São Paulo,A,1.9,Bom
182,52,7878.16,Vitória,B,7.0,Ruim
183,23,5514.38,São Paulo,A,9.7,Regular
184,38,10986.36,Vitória,A,2.0,Bom
185,38,,Belo Horizonte,B,6.6,Bom
186,60,5674.33,Rio de Janeiro,B,0.4,Ruim
187,42,6683.04,São Paulo,B,8.3,Regular
188,28,4518.62,Rio de Janeiro,B,0.7,Regular
189,64,10362.31,São Paulo,A,7.2,Ruim
190,18,11917.13,São Paulo,A,9.3,Bom
191,47,2733.78,Vitória,A,9.3,Bom
192,68,9227.42,Rio de Janeiro,B,0.6,Regular
193,38,8340.43,Belo Horizonte,A,2.6,Regular
194,51,4029.1,Vitória,A,1.8,Bom
195,31,9370.36,Vitória,B,9.0,Ruim
196,37,10644.46,Rio de Janeiro,A,8.6,Regular
197,52,11793.12,Vitória,A,1.0,Bom
198,23,12063.69,Vitória,A,2.6,Regular
199,21,6976.38,Rio de Janeiro,B,4.8,Bom
200,61,1560.56,Rio de Janeiro,A,6.2,Regular
201,66,5640.55,São Paulo,B,6.4,Ruim
202,29,11032.87,Vitória,A,9.7,Bom
203,56,3793.29,Vitória,B,3.4,Bom
204,68,4212.51,Vitória,B,8.4,Regular
205,27,11352.45,Rio de Janeiro,B,1.2,Ruim
206,58,8433.31,Rio de Janeiro,A,8.0,Ruim
207,17,12212.16,Rio de Janeiro,A,9.2,Ruim
208,24,7959.37,Belo Horizonte,A,5.8,Ruim
209,20,10271.03,Belo Horizonte,B,1.0,Bom
210,58,4495.33,Vitória,A,3.6,Regular
211,22,1896.09,Belo Horizonte,A,2.1,Bom
212,62,10999.26,Rio de Janeiro,B,3.8,Ruim
213,59,9320.82,Belo Horizonte,A,0.2,Bom
214,46,6128.89,Belo Horizonte,B,3.2,Bom
215,63,11469.38,Belo Horizonte,B,1.0,Bom
216,60,3166.17,Belo Horizonte,B,6.0,Ruim
217,38,12503.25,Rio de Janeiro,A,2.5,Ruim
218,56,10618.08,Vitória,B,9.9,Regular
219,34,6405.19,Rio de Janeiro,A,6.7,Ruim
220,32,7392.36,Belo Horizonte,B,9.4,Regular
221,66,10208.5,Belo Horizonte,A,1.0,Bom
222,23,10413.27,Vitória,A,6.8,Regular
223,65,10236.13,Vitória,A,2.8,Bom
224,45,8965.63,São Paulo,B,0.2,Ruim
225,32,1922.82,Vitória,B,0.9,Ruim
226,22,3414.28,São Paulo,A,6.0,Bom
227,50,1615.45,Vitória,B,7.8,Regular
228,26,12768.05,Belo Horizonte,A,2.1,Bom
229,41,2432.12,Belo Horizonte,A,4.4,Regular
230,35,6909.54,Belo Horizonte,A,2.4,Bom
231,54,6144.49,Belo Horizonte,A,9.6,Ruim
232,67,9350.95,Belo Horizonte,A,1.8,Regular
233,29,6247.92,Vitória,B,1.4,Ruim
234,46,5466.41,Belo Horizonte,B,1.2,Regular
235,40,9265.73,Rio de Janeiro,B,8.1,Ruim
236,17,2448.8,Belo Horizonte,B,0.1,Regular
237,33,,Belo Horizonte,B,8.2,Ruim
238,20,2298.11,São Paulo,A,8.4,Regular
239,23,9499.23,São Paulo,B,8.2,Bom
240,27,7969.21,Belo Horizonte,B,3.2,Regular
241,42,10405.74,Rio de Janeiro,A,6.2,Ruim
242,52,4614.55,Belo Horizonte,A,6.1,Bom
243,25,9353.75,Belo Horizonte,B,7.6,Regular
244,64,1959.74,Vitória,A,4.8,Regular
245,57,4613.31,,A,5.5,Regular
246,68,4705.92,Vitória,A,3.4,
247,58,1861.01,Vitória,B,5.2,Regular
248,41,12396.12,Vitória,B,8.2,Regular
249,60,11778.9,Rio de Janeiro,A,7.7,Bom
250,55,6770.24,Belo Horizonte,B,8.8,Ruim
251,29,4662.36,São Paulo,A,0.0,Ruim
252,58,7991.27,Vitória,A,0.1,Bom
253,44,2875.12,Belo Horizonte,,7.8,Bom
254,57,3057.38,Rio de Janeiro,A,8.5,Bom
255,39,5546.7,Vitória,B,8.3,Regular
256,41,10984.57,São Paulo,A,3.0,Ruim
257,21,4071.59,São Paulo,A,5.2,Bom
258,46,9257.71,São Paulo,A,2.3,Bom
259,30,2123.99,São Paulo,B,5.2,Regular
260,17,8298.02,Rio de Janeiro,B,7.0,Bom
261,66,11717.08,São Paulo,A,9.4,Ruim
262,44,6059.54,Rio de Janeiro,A,7.1,Bom
263,30,4783.97,São Paulo,B,4.8,Bom
264,41,5892.71,Rio de Janeiro,A,8.2,Ruim
265,27,2566.52,Rio de Janeiro,B,9.1,Bom
266,22,11097.38,Rio de Janeiro,A,,Regular
267,18,8117.08,São Paulo,B,4.2,Regular
268,70,1869.47,Rio de Janeiro,B,5.9,Bom
269,19,9880.9,Belo Horizonte,B,5.8,Regular
270,29,6295.36,Belo Horizonte,A,9.1,Bom
271,36,11995.67,Vitória,A,1.4,Ruim
272,26,7243.56,Rio de Janeiro,B,4.0,Bom
273,50,11638.26,São Paulo,B,2.1,Ruim
274,55,1958.8,Belo Horizonte,B,2.1,Ruim
275,27,12338.16,Vitória,B,3.8,Bom
276,46,1903.85,São Paulo,A,4.6,Ruim
277,53,9776.46,Rio de Janeiro,A,3.4,Ruim
278,26,11293.82,Belo Horizonte,A,8.5,Bom
279,56,11119.26,São Paulo,B,5.4,Regular
280,50,4135.52,São Paulo,B,8.1,Regular
281,58,11864.5,Vitória,A,8.3,Ruim
282,30,5919.13,Belo Horizonte,B,3.4,Bom
283,66,,Belo Horizonte,B,4.5,Ruim
284,42,8167.74,São Paulo,B,1.1,Ruim
285,34,11558.48,São Paulo,A,8.2,Bom
286,53,7116.2,Belo Horizonte,B,8.3,Regular
287,30,6606.02,Belo Horizonte,A,0.3,Ruim
288,49,8538.47,Belo Horizonte,A,3.0,
289,53,7976.57,Rio de Janeiro,B,3.8,Bom
290,27,2821.0,Vitória,A,7.6,Regular
291,,1580.5,Vitória,B,8.5,Regular
292,21,6734.7,São Paulo,B,3.8,Regular
293,49,3119.91,Belo Horizonte,A,0.2,Ruim
294,66,6066.42,São Paulo,,7.0,Regular
295,55,11355.49,Vitória,A,8.3,Regular
296,21,6517.93,Vitória,B,7.6,Bom
297,56,12514.55,Belo Horizonte,A,9.9,Regular
298,33,2492.46,Vitória,B,3.8,Ruim
299,44,11006.17,Belo Horizonte,A,0.3,Regular
300,61,6518.95,Vitória,B,0.7,Ruim
301,65,7407.6,Vitória,B,2.3,Regular
302,25,9595.29,Vitória,B,7.2,Bom
303,19,3117.34,Rio de Janeiro,B,0.9,Regular
304,32,1370.69,Belo Horizonte,B,9.9,Ruim
305,47,11067.43,São Paulo,A,4.7,Bom
306,46,11054.8,Belo Horizonte,A,5.8,Regular
307,51,11790.42,Vitória,B,0.7,Ruim
308,23,9807.45,São Paulo,B,1.5,Regular
309,62,12582.82,Rio de Janeiro,B,7.7,Ruim
310,49,11502.99,Belo Horizonte,A,5.9,Bom
311,51,9247.22,Rio de Janeiro,A,1.3,Ruim
312,26,2778.87,Vitória,B,3.9,Bom
313,47,3487.84,Vitória,A,6.5,Bom
314,37,6652.57,Rio de Janeiro,A,3.7,Regular
315,22,10146.22,Rio de Janeiro,A,9.2,Ruim
316,18,4577.06,Vitória,A,0.4,Bom
317,52,5497.86,Belo Horizonte,A,2.4,Regular
318,64,10575.43,,B,7.3,Regular
319,43,2912.19,São Paulo,B,4.1,Ruim
320,56,3060.05,Vitória,B,1.5,Regular
321,47,9082.05,Rio de Janeiro,A,6.4,Bom
322,30,2872.66,São Paulo,A,9.3,Ruim
323,25,4958.48,Rio de Janeiro,B,5.9,Ruim
324,42,11902.16,São Paulo,B,8.8,Ruim
325,24,8300.27,Rio de Janeiro,B,7.5,Regular
326,19,3718.29,Rio de Janeiro,A,5.4,Ruim
327,59,9647.66,São Paulo,B,7.8,Ruim
328,18,11020.62,São Paulo,B,4.2,Regular
329,67,10737.34,Vitória,A,1.5,Ruim
330,70,8117.59,Vitória,B,0.5,Bom
331,51,11643.31,Rio de Janeiro,A,0.3,Ruim
332,52,5150.82,Rio de Janeiro,B,2.0,Bom
333,57,1431.55,Vitória,A,1.2,Bom
334,25,11057.44,Rio de Janeiro,A,0.2,Regular
335,61,5960.38,Belo Horizonte,A,6.3,Bom
336,69,2388.31,Belo Horizonte,B,5.1,Ruim
337,18,6180.87,São Paulo,A,,Regular
338,68,2168.03,Rio de Janeiro,A,9.0,Regular
339,37,2676.24,São Paulo,B,0.6,Ruim
340,49,7855.22,Belo Horizonte,A,6.2,Regular
341,48,8414.52,Rio de Janeiro,A,6.3,Regular
342,64,5407.88,Rio de Janeiro,B,1.1,Bom
343,25,2022.3,Belo Horizonte,B,7.9,Regular
344,40,4326.83,Rio de Janeiro,A,4.6,Bom
345,60,4186.03,São Paulo,B,6.8,Ruim
346,42,9600.7,Belo Horizonte,A,0.8,Bom
347,51,2448.74,Belo Horizonte,A,6.9,Ruim
348,45,4401.83,Rio de Janeiro,B,9.6,Bom
349,27,2982.48,Vitória,B,9.1,Regular
350,66,2021.98,Vitória,B,7.9,Ruim
351,49,8999.82,São Paulo,B,4.9,Regular
352,16,9157.77,Rio de Janeiro,A,0.0,Regular
353,58,4138.59,Belo Horizonte,B,2.5,Ruim
354,26,12732.89,,A,3.4,Bom
355,34,11317.87,Rio de Janeiro,B,6.4,Ruim
356,34,9404.66,São Paulo,B,5.3,Bom
357,31,,Vitória,A,5.2,Regular
358,28,9015.45,Rio de Janeiro,B,9.8,Bom
359,65,4915.37,Belo Horizonte,A,5.4,Regular
360,57,1831.43,Belo Horizonte,A,9.5,Regular
361,23,4531.38,Vitória,A,6.4,Regular
362,64,10730.14,Rio de Janeiro,B,8.4,Regular
363,43,4219.58,Vitória,B,2.6,Ruim
364,46,4050.87,Belo Horizonte,B,0.4,Ruim
365,37,1409.1,Belo Horizonte,B,2.2,Regular
366,66,8791.12,Rio de Janeiro,A,3.0,Bom
367,40,12839.45,Belo Horizonte,A,6.8,Ruim
368,29,1456.59,Belo Horizonte,A,7.0,Regular
369,41,2672.34,São Paulo,B,1.5,Bom
370,24,10136.68,São Paulo,B,9.0,Bom
371,26,8933.81,Vitória,B,0.4,Ruim
372,55,9833.97,São Paulo,B,6.4,Ruim
373,70,12503.07,Rio de Janeiro,A,9.3,Ruim
374,23,6909.48,Belo Horizonte,A,4.7,Regular
375,52,12374.4,Vitória,A,6.4,Regular
376,47,2277.31,São Paulo,B,4.3,Regular
377,29,4894.08,Vitória,A,1.7,Ruim
378,49,4028.95,Rio de Janeiro,B,,Ruim
379,64,1753.46,Belo Horizonte,A,0.2,Regular
380,55,2597.93,Belo Horizonte,A,0.2,Ruim
381,36,5801.1,Belo Horizonte,B,3.7,Ruim
382,44,7320.6,Rio de Janeiro,A,8.5,Bom
383,60,6013.45,Belo Horizonte,B,9.2,Regular
384,17,11311.91,Rio de Janeiro,A,6.4,Regular
385,54,11464.46,Belo Horizonte,A,5.7,Regular
386,59,11072.7,Rio de Janeiro,B,7.7,Regular
387,67,4717.28,Belo Horizonte,A,0.1,Bom
388,30,4138.16,Vitória,A,2.1,Ruim
389,55,1846.74,Belo Horizonte,A,4.9,Bom
390,34,5321.95,Rio de Janeiro,B,7.6,Ruim
391,24,1547.42,São Paulo,A,4.2,Ruim
392,37,8897.46,São Paulo,A,8.2,Ruim
393,34,7312.58,Vitória,A,5.1,Bom
394,69,4906.2,Belo Horizonte,B,6.3,Ruim
395,67,8566.57,Rio de Janeiro,B,4.3,Bom
396,62,,Belo Horizonte,,5.6,Regular
397,52,4707.62,Vitória,B,8.8,Regular
398,65,10419.68,São Paulo,A,1.6,Bom
399,37,4530.96,Rio de Janeiro,B,3.4,Regular
400,28,2351.17,Rio de Janeiro,A,8.8,Bom
401,44,11197.25,Belo Horizonte,B,7.8,Ruim
402,25,4378.6,Rio de Janeiro,A,6.5,Ruim
403,42,9221.48,São Paulo,A,1.8,Regular
404,62,9206.18,Vitória,A,1.0,Ruim
405,29,5518.34,Vitória,A,7.5,Regular
406,28,6133.26,Belo Horizonte,A,3.2,Ruim
407,67,10385.06,,A,5.2,Regular
408,60,11597.19,Belo Horizonte,A,,Ruim
409,41,5428.55,Vitória,A,8.5,Regular
410,63,5010.71,Rio de Janeiro,B,9.8,Ruim
411,37,6691.45,Vitória,A,6.1,Bom
412,23,2551.84,Vitória,B,0.5,Bom
413,19,7718.75,Rio de Janeiro,A,5.0,Ruim
414,17,2312.44,São Paulo,A,1.4,Ruim
415,34,6950.02,São Paulo,A,4.3,Bom
416,59,7353.84,São Paulo,A,6.7,Ruim
417,41,5915.09,Vitória,A,0.8,Ruim
418,28,6563.42,Rio de Janeiro,A,3.0,Bom
419,69,11997.62,Rio de Janeiro,B,7.4,Bom
420,69,1824.67,São Paulo,A,6.5,Ruim
421,17,2101.33,Belo Horizonte,,4.2,Ruim
422,26,10006.22,Vitória,B,4.4,Bom
423,32,7332.59,Rio de Janeiro,A,3.9,Regular
424,66,6736.11,Rio de Janeiro,A,9.9,Bom
425,66,10922.14,Rio de Janeiro,A,7.0,Bom
426,18,2993.09,Vitória,B,2.9,Regular
427,28,9418.16,Belo Horizonte,A,0.5,Bom
428,21,8041.43,Belo Horizonte,A,3.3,Regular
429,64,8190.57,Vitória,A,0.3,Ruim
430,49,6554.87,Rio de Janeiro,A,0.5,Bom
431,23,7589.85,Rio de Janeiro,B,0.8,Ruim
432,56,4478.37,Belo Horizonte,B,6.6,Bom
433,34,7436.99,Belo Horizonte,A,8.6,Bom
434,65,7662.72,Rio de Janeiro,A,7.5,Bom
435,65,9968.34,São Paulo,A,5.6,Bom
436,36,12125.86,Rio de Janeiro,A,1.1,Regular
437,42,,Rio de Janeiro,B,8.3,Regular
438,69,5089.82,São Paulo,A,7.5,Ruim
439,30,11111.69,Vitória,A,2.1,Regular
440,26,3543.61,Vitória,A,4.4,Ruim
441,38,10645.32,Rio de Janeiro,B,5.3,Regular
442,51,5548.64,São Paulo,A,4.1,Regular
443,68,8259.49,São Paulo,B,4.2,Regular
444,51,9582.57,Belo Horizonte,A,3.7,Bom
445,61,7974.75,Rio de Janeiro,B,1.3,Ruim
446,57,7213.96,São Paulo,B,3.6,Bom
447,50,9513.37,São Paulo,A,1.2,Bom
448,97,997.28,São Paulo,A,14.1,Ruim
449,20,4850.28,Belo Horizonte,A,0.0,Ruim
450,25,8902.81,Belo Horizonte,A,4.5,
451,22,7557.23,Rio de Janeiro,A,8.8,Bom
452,47,10389.09,Belo Horizonte,B,2.2,Bom
453,54,4117.63,São Paulo,B,4.2,Ruim
454,26,8334.47,Vitória,A,5.1,Bom
455,26,1574.04,Rio de Janeiro,B,5.1,Bom
456,70,11653.43,Vitória,B,5.6,Ruim
457,50,6491.67,Vitória,B,1.7,Ruim
458,41,7740.07,São Paulo,A,7.5,Bom
459,20,6524.36,Rio de Janeiro,A,4.7,Ruim
460,33,4456.98,São Paulo,B,5.5,Bom
461,38,7899.87,Vitória,B,8.1,Bom
462,44,3649.67,Vitória,B,5.4,Bom
463,19,12307.79,Vitória,B,2.1,Ruim
464,67,9170.2,São Paulo,B,4.1,Ruim
465,68,7778.36,Rio de Janeiro,B,8.5,Ruim
466,67,3876.24,São Paulo,A,3.8,Regular
467,18,2647.15,Rio de Janeiro,B,5.4,Regular
468,63,9688.66,Belo Horizonte,B,0.8,Ruim
469,23,8070.82,,A,0.3,Bom
470,47,2661.28,Rio de Janeiro,A,9.8,Ruim
471,31,1312.92,São Paulo,B,1.2,Ruim
472,66,11307.88,,A,7.4,Ruim
473,26,10215.84,São Paulo,B,7.2,Bom
474,25,11045.37,Belo Horizonte,A,3.9,Bom
475,70,5851.98,Belo Horizonte,A,5.8,Regular
476,23,4751.04,Rio de Janeiro,A,3.9,Bom
477,50,3809.18,São Paulo,A,3.2,Regular
478,59,9211.39,Belo Horizonte,B,,Regular
479,60,9028.73,Belo Horizonte,B,8.9,Ruim
480,63,7610.92,Belo Horizonte,A,2.4,Ruim
481,48,12650.05,Vitória,B,3.6,Regular
482,59,4087.89,Belo Horizonte,A,0.6,Regular
483,46,9953.31,São Paulo,B,4.8,Ruim
484,25,7248.35,Rio de Janeiro,B,3.2,Ruim
485,36,3762.33,São Paulo,A,7.1,Regular
486,46,6606.87,São Paulo,A,6.4,Regular
487,,6208.2,São Paulo,B,5.7,Regular
488,17,7296.64,Belo Horizonte,A,4.2,Bom
489,42,3881.92,Belo Horizonte,A,9.0,Ruim
490,25,5796.99,São Paulo,B,2.7,Bom
491,65,12047.84,São Paulo,A,0.9,Bom
492,70,12619.34,Vitória,A,8.1,Ruim
493,58,12988.72,São Paulo,A,5.5,Ruim
494,29,10253.48,Vitória,A,1.8,Ruim
495,53,4390.7,Vitória,A,6.5,Regular
496,42,10076.94,São Paulo,A,3.8,Regular
497,44,2614.63,Rio de Janeiro,A,7.5,Bom
498,29,7197.25,Belo Horizonte,B,9.0,Ruim
499,22,3654.05,Belo Horizonte,B,6.8,Regular
500,43,11003.92,Vitória,B,0.2,Regular
501,68,12781.19,Belo Horizonte,A,9.1,Ruim
502,30,12098.93,Vitória,A,8.7,Bom
503,35,4362.67,Belo Horizonte,B,6.7,Regular
504,27,8270.48,Belo Horizonte,B,1.2,Regular
505,81,17418.0,Belo Horizonte,A,10.3,Bom
506,53,2203.72,,A,4.1,Bom
507,30,5708.58,São Paulo,B,9.5,Ruim
508,55,5565.19,Vitória,B,7.7,Ruim
509,32,1475.0,Rio de Janeiro,A,6.9,Regular
510,54,5449.97,Vitória,A,6.8,Bom
511,49,7585.68,Vitória,B,9.3,Ruim
512,68,2687.37,Belo Horizonte,A,4.2,Ruim
513,69,4289.73,Rio de Janeiro,B,8.3,Regular
514,59,9843.65,Vitória,B,5.3,Ruim
515,27,4019.03,Belo Horizonte,B,5.2,Ruim
516,22,9697.46,Rio de Janeiro,B,5.9,Regular
517,25,7975.74,São Paulo,B,2.6,Regular
518,28,9551.56,Rio de Janeiro,B,7.2,Ruim
519,26,12659.26,Belo Horizonte,A,6.9,Ruim
520,54,8806.68,Rio de Janeiro,A,9.4,Bom
521,,10542.43,São Paulo,A,1.3,Bom
522,65,10090.77,Belo Horizonte,A,0.7,Regular
523,23,10554.99,Rio de Janeiro,B,1.1,Bom
524,70,9855.5,Belo Horizonte,A,7.9,Bom
525,32,12571.31,Rio de Janeiro,B,9.8,Regular
526,42,4399.68,Vitória,A,3.4,Bom
527,66,4112.66,Vitória,B,7.9,Regular
528,52,6418.65,Belo Horizonte,B,2.0,Ruim
529,64,9714.71,Rio de Janeiro,A,4.4,Ruim
530,53,2840.66,Rio de Janeiro,B,2.1,Bom
531,44,8786.24,Belo Horizonte,A,4.7,Bom
532,39,5165.66,Rio de Janeiro,A,7.7,Bom
533,27,11434.52,Vitória,B,2.5,Bom
534,29,10601.92,Belo Horizonte,B,6.2,Bom
535,64,4709.94,Belo Horizonte,B,0.5,Ruim
536,36,8617.21,São Paulo,A,4.9,Regular
537,29,5472.98,São Paulo,A,5.7,Regular
538,18,4368.82,Rio de Janeiro,A,2.8,Regular
539,39,4674.58,São Paulo,B,0.7,Regular
540,67,10554.61,Belo Horizonte,A,5.5,Ruim
541,50,11444.23,São Paulo,A,10.0,Bom
542,21,6154.52,Vitória,A,5.4,Bom
543,50,7549.39,São Paulo,A,3.0,Bom
544,69,5494.3,Belo Horizonte,B,8.7,Ruim
545,20,6221.26,Belo Horizonte,A,0.6,Regular
546,63,2303.53,Belo Horizonte,A,5.5,Regular
547,20,10481.5,Rio de Janeiro,A,1.3,Ruim
548,18,1637.26,Rio de Janeiro,A,8.1,Bom
549,47,2725.47,Vitória,A,3.6,Bom
550,35,10863.24,Vitória,A,8.2,Regular
551,37,12778.71,Rio de Janeiro,B,3.4,Ruim
552,55,3385.62,Vitória,A,3.5,Regular
553,,,Vitória,A,7.2,Bom
554,18,3180.33,Rio de Janeiro,B,8.1,Ruim
555,38,11290.79,Rio de Janeiro,B,5.2,Regular
556,65,8663.48,Belo Horizonte,B,2.1,Ruim
557,33,5231.4,São Paulo,A,4.9,Regular
558,31,3540.8,Belo Horizonte,B,0.3,Regular
559,53,9517.49,Vitória,A,2.5,Ruim
560,23,4439.68,Vitória,A,8.3,Ruim
561,54,3995.86,Vitória,A,6.6,Bom
562,25,10077.89,Belo Horizonte,A,2.7,Regular
563,62,9733.47,São Paulo,A,5.1,Bom
564,57,2606.03,São Paulo,B,5.1,Ruim
565,23,11255.04,Belo Horizonte,B,0.6,Ruim
566,22,2191.5,Vitória,B,2.0,Bom
567,25,1584.26,Vitória,B,1.8,Bom
568,53,11031.45,Belo Horizonte,A,9.0,Regular
569,49,2850.03,São Paulo,A,6.5,Bom
570,62,6656.75,Vitória,B,7.7,Ruim
571,56,11156.64,Belo Horizonte,A,6.4,Regular
572,20,4139.45,Belo Horizonte,B,1.5,Ruim
573,62,1430.11,Belo Horizonte,A,0.3,Ruim
574,46,12242.77,Belo Horizonte,A,5.7,Ruim
575,18,6346.78,São Paulo,B,5.9,Ruim
576,36,8890.97,São Paulo,A,8.4,Regular
577,69,9566.38,Rio de Janeiro,A,8.9,Regular
578,35,9576.98,São Paulo,B,9.1,Regular
579,55,9903.28,São Paulo,B,5.5,Bom
580,29,6231.9,Vitória,B,8.0,Ruim
581,54,5945.09,Vitória,A,6.2,Regular
582,54,12529.24,Vitória,A,7.4,Bom
583,35,3263.83,Rio de Janeiro,A,4.0,Regular
584,38,5558.49,Rio de Janeiro,A,4.5,Regular
585,69,,Belo Horizonte,A,3.5,Regular
586,58,8161.2,Vitória,A,4.9,Regular
587,26,4806.81,Belo Horizonte,B,6.4,Bom
588,55,5349.79,Belo Horizonte,A,1.9,Regular
589,16,2380.51,São Paulo,B,8.2,Ruim
590,39,8764.96,Vitória,B,9.5,Ruim
591,16,3508.91,São Paulo,A,9.1,Ruim
592,38,11147.91,Rio de Janeiro,B,6.1,Ruim
593,52,12477.44,Belo Horizonte,B,6.3,Bom
594,17,5862.38,Rio de Janeiro,B,5.0,Regular
595,41,2967.57,São Paulo,A,2.9,Ruim
596,41,3057.48,Vitória,B,5.6,Ruim
597,52,7774.63,Vitória,A,7.2,Ruim
598,27,12305.11,São Paulo,A,6.4,Ruim
599,59,3163.96,São Paulo,B,7.2,Ruim
600,36,7855.45,Belo Horizonte,A,3.3,Bom
601,36,3630.35,Belo Horizonte,A,5.3,Ruim
602,70,3995.02,Rio de Janeiro,A,9.4,Regular
603,59,12558.85,Belo Horizonte,B,9.2,Bom
604,59,6908.14,Rio de Janeiro,A,7.1,Bom
605,17,9749.55,São Paulo,B,0.3,Bom
606,50,9116.91,Rio de Janeiro,B,9.9,Ruim
607,46,3349.12,Vitória,B,9.2,Ruim
608,41,10355.07,Rio de Janeiro,A,6.2,Ruim
609,36,12227.46,Rio de Janeiro,A,5.2,Regular
610,70,11413.0,Vitória,A,9.6,Ruim
611,47,4030.25,Rio de Janeiro,B,1.0,Bom
612,21,4477.3,Belo Horizonte,B,7.1,Bom
613,70,5626.75,Vitória,A,4.7,Regular
614,16,3086.88,Rio de Janeiro,A,4.3,Regular
615,26,10265.21,Vitória,A,4.8,Ruim
616,30,2956.37,Belo Horizonte,B,6.4,Bom
617,30,7668.2,Belo Horizonte,A,1.4,Ruim
618,40,12591.75,Belo Horizonte,B,5.4,Regular
619,39,5586.96,Rio de Janeiro,B,5.2,Ruim
620,25,5232.32,Rio de Janeiro,A,5.6,Bom
621,54,12630.38,Rio de Janeiro,A,0.1,Bom
622,20,11066.16,São Paulo,A,3.7,Ruim
623,62,6261.18,São Paulo,B,2.6,Bom
624,19,1796.53,Belo Horizonte,A,3.2,Regular
625,42,3333.26,Rio de Janeiro,B,4.9,Bom
626,27,8781.89,Belo Horizonte,A,4.2,Ruim
627,15,1244.35,Rio de Janeiro,A,13.7,Regular
628,46,12567.96,Belo Horizonte,B,7.9,Bom
629,40,8309.22,São Paulo,A,5.6,Regular
630,25,3141.88,Rio de Janeiro,B,1.6,Regular
631,59,8406.05,São Paulo,A,4.3,Ruim
632,17,11733.36,Belo Horizonte,B,6.6,Bom
633,35,10377.75,Belo Horizonte,B,0.9,Bom
634,67,9269.44,Belo Horizonte,B,,Ruim
635,52,12310.76,Rio de Janeiro,B,8.7,Regular
636,66,8306.62,Vitória,A,0.6,Regular
637,44,2828.53,Rio de Janeiro,B,2.4,Bom
638,45,4312.54,Belo Horizonte,A,5.1,Ruim
639,32,8452.37,Rio de Janeiro,A,6.2,Bom
640,44,1968.71,Rio de Janeiro,B,0.9,Regular
641,69,2461.16,São Paulo,B,7.1,Bom
642,18,3853.52,Rio de Janeiro,A,3.9,Ruim
643,21,6969.31,Rio de Janeiro,B,2.3,Regular
644,21,1652.97,São Paulo,A,8.7,Regular
645,38,5464.38,Vitória,B,1.0,Regular
646,68,6402.21,São Paulo,B,10.0,Regular
647,64,8155.89,Belo Horizonte,A,2.2,Regular
648,57,10078.16,Belo Horizonte,A,,Bom
649,68,6950.72,Vitória,B,9.5,Ruim
650,41,8604.09,São Paulo,A,5.4,Regular
651,32,3545.67,Belo Horizonte,A,8.9,Regular
652,34,9365.55,São Paulo,B,7.1,Regular
653,68,7283.75,Rio de Janeiro,B,0.5,
654,34,7401.03,São Paulo,A,5.0,Regular
655,37,7246.02,Rio de Janeiro,B,4.9,Regular
656,61,5107.49,Belo Horizonte,B,1.4,Bom
657,45,9949.58,Vitória,A,5.5,Bom
658,61,6968.75,Belo Horizonte,A,7.9,Ruim
659,67,8710.01,Rio de Janeiro,A,6.6,Regular
660,17,3618.93,São Paulo,B,2.0,Regular
661,27,10180.55,Belo Horizonte,A,2.4,Regular
662,,3097.99,São Paulo,B,5.4,Regular
663,26,5428.36,Belo Horizonte,A,6.1,Ruim
664,69,8725.63,Belo Horizonte,B,6.4,Regular
665,16,5054.51,São Paulo,B,1.2,Regular
666,63,10366.74,Vitória,A,3.8,Regular
667,25,2213.63,São Paulo,A,5.7,Bom
668,69,6591.85,Vitória,A,7.8,Regular
669,20,5846.37,Rio de Janeiro,A,7.5,Bom
670,27,2383.53,Vitória,B,5.9,Ruim
671,28,7778.8,São Paulo,B,2.3,Bom
672,17,8658.41,Vitória,B,8.8,Bom
673,56,4295.39,Rio de Janeiro,B,2.3,Bom
674,56,8848.71,Rio de Janeiro,A,8.9,Bom
675,37,7231.51,São Paulo,A,9.4,Regular
676,56,10371.81,Belo Horizonte,A,7.7,Regular
677,50,10302.86,Rio de Janeiro,A,7.3,Ruim
678,,5869.9,Vitória,A,6.7,Regular
679,59,2454.99,Vitória,B,5.9,Regular
680,38,6377.37,Vitória,B,7.5,Regular
681,43,3244.07,Vitória,A,3.2,Ruim
682,62,4220.24,Belo Horizonte,A,0.7,Ruim
683,54,9175.65,Vitória,B,2.3,Ruim
684,41,11535.36,Rio de Janeiro,B,7.6,Regular
685,57,12187.69,Rio de Janeiro,A,4.2,Bom
686,25,12140.09,São Paulo,B,2.9,Regular
687,,1464.55,Belo Horizonte,B,1.0,Bom
688,24,10241.82,São Paulo,A,2.8,Bom
689,42,9408.46,Vitória,A,2.6,Ruim
690,28,12550.65,São Paulo,B,7.0,Regular
691,27,10204.61,Belo Horizonte,A,4.7,Bom
692,68,2351.77,Vitória,A,3.8,Regular
693,54,10881.36,São Paulo,B,3.3,Ruim
694,60,2863.87,Rio de Janeiro,A,8.2,Regular
695,42,5521.97,Vitória,A,6.0,Ruim
696,34,2909.85,Belo Horizonte,A,,Regular
697,45,6150.92,São Paulo,B,6.0,Regular
698,59,,Rio de Janeiro,A,0.3,Ruim
699,40,6565.57,Vitória,B,4.2,Regular
700,50,10471.17,Rio de Janeiro,A,7.6,Ruim
701,48,10255.9,Belo Horizonte,A,7.0,Regular
702,44,9212.8,Rio de Janeiro,B,2.2,Ruim
703,30,10171.68,Vitória,B,0.3,Ruim
704,19,12817.0,Rio de Janeiro,A,0.5,Bom
705,30,9647.15,Rio de Janeiro,B,0.2,Regular
706,67,11563.88,Belo Horizonte,B,6.7,Regular
707,21,9714.61,Rio de Janeiro,B,3.5,Bom
708,26,9619.05,São Paulo,A,6.7,Ruim
709,58,6565.16,Vitória,B,9.6,Regular
710,62,9681.08,Rio de Janeiro,B,0.1,Bom
711,69,1648.72,Rio de Janeiro,A,1.5,Ruim
712,27,7184.08,São Paulo,A,9.1,Ruim
713,34,2878.07,Belo Horizonte,A,2.3,Ruim
714,38,11163.32,Vitória,A,5.1,Ruim
715,41,12724.23,São Paulo,A,4.3,Regular
716,70,6108.5,São Paulo,B,10.0,Bom
717,25,4131.92,Vitória,A,7.4,Regular
718,58,1994.41,Vitória,B,3.3,Bom
719,42,3821.55,Vitória,B,9.9,Regular
720,29,5589.95,Belo Horizonte,A,6.4,Bom
721,37,1913.13,Belo Horizonte,B,1.2,Bom
722,62,9181.05,Belo Horizonte,B,2.5,Regular
723,24,5584.39,Vitória,A,7.1,Bom
724,52,12871.46,Belo Horizonte,B,3.9,Bom
725,63,5290.02,Belo Horizonte,A,9.5,Ruim
726,65,10186.9,Belo Horizonte,B,8.1,Regular
727,38,3403.68,Rio de Janeiro,A,7.4,Ruim
728,65,9553.11,São Paulo,B,1.8,Regular
729,29,1503.45,Rio de Janeiro,A,4.8,Ruim
730,24,12538.07,São Paulo,B,1.1,Bom
731,54,5665.54,Vitória,B,7.3,Bom
732,42,6993.51,Vitória,B,4.6,Regular
733,68,2847.37,São Paulo,A,6.1,Regular
734,25,4862.07,Belo Horizonte,A,1.8,Regular
735,66,1633.27,São Paulo,A,0.6,Ruim
736,39,3016.58,Rio de Janeiro,A,1.2,Ruim
737,65,10486.45,Belo Horizonte,A,3.6,Bom
738,35,5964.73,Belo Horizonte,B,8.3,Ruim
739,22,10804.74,Belo Horizonte,B,9.8,Ruim
740,64,8412.22,São Paulo,A,1.8,Bom
741,61,6595.35,Belo Horizonte,A,2.9,Bom
742,30,8380.74,Rio de Janeiro,B,3.7,Ruim
743,42,9976.0,Belo Horizonte,B,5.1,Regular
744,18,9660.53,São Paulo,A,9.3,Regular
745,,9020.89,Rio de Janeiro,A,4.9,Bom
746,60,3615.55,Belo Horizonte,A,5.6,Bom
747,70,4021.22,Rio de Janeiro,B,9.4,Bom
748,67,3179.83,Belo Horizonte,B,7.6,Ruim
749,49,11589.67,Rio de Janeiro,B,4.7,Bom
750,28,4005.16,São Paulo,B,3.4,Bom
751,62,6057.26,Vitória,A,8.1,Regular
752,44,9912.21,,A,6.3,Regular
753,38,10037.72,São Paulo,B,8.0,Ruim
754,55,9363.79,Belo Horizonte,A,9.1,Bom
755,65,6007.43,Rio de Janeiro,A,8.4,Bom
756,42,8550.5,Vitória,A,5.6,Ruim
757,57,11320.54,Belo Horizonte,A,8.3,Bom
758,64,11227.23,Belo Horizonte,A,7.9,Bom
759,21,11032.66,Belo Horizonte,B,9.2,Bom
760,56,9534.29,São Paulo,A,8.9,Bom
761,44,7035.8,Rio de Janeiro,A,4.7,Bom
762,21,6927.22,Rio de Janeiro,A,6.6,Ruim
763,38,5763.82,Belo Horizonte,B,5.7,Regular
764,28,11728.24,Rio de Janeiro,A,0.7,Ruim
765,21,6402.78,São Paulo,A,2.4,Regular
766,32,4299.76,Vitória,B,2.8,Bom
767,32,2365.59,Rio de Janeiro,B,9.9,Regular
768,39,11389.9,Vitória,A,1.4,Ruim
769,34,11955.5,Rio de Janeiro,B,8.7,Ruim
770,39,12772.06,São Paulo,B,6.1,Bom
771,68,4280.07,Rio de Janeiro,A,7.9,Bom
772,68,5471.47,São Paulo,B,8.3,Ruim
773,,10588.61,Belo Horizonte,A,1.1,Regular
774,41,10706.53,Rio de Janeiro,A,4.4,Bom
775,46,10421.6,Belo Horizonte,B,8.1,Ruim
776,45,7233.6,São Paulo,,3.0,Regular
777,,9506.97,São Paulo,B,1.0,Bom
778,59,11067.45,Rio de Janeiro,A,4.9,Bom
779,29,4401.68,Belo Horizonte,B,1.7,Bom
780,69,7828.46,Rio de Janeiro,A,3.6,Ruim
781,36,11298.03,Rio de Janeiro,B,2.3,Bom
782,69,3681.72,Rio de Janeiro,B,2.0,Bom
783,25,11163.54,Rio de Janeiro,B,0.8,Ruim
784,28,3018.39,São Paulo,B,6.1,Ruim
785,27,7579.08,São Paulo,A,6.0,Ruim
786,16,10359.31,Belo Horizonte,B,0.6,Regular
787,70,12002.9,São Paulo,A,9.2,Bom
788,56,2830.57,São Paulo,A,8.3,Ruim
789,51,6208.53,Rio de Janeiro,A,4.9,Ruim
790,43,9620.27,São Paulo,B,3.2,Bom
791,33,5577.93,Vitória,A,5.0,Regular
792,56,12957.5,Vitória,B,6.0,Ruim
793,40,3991.78,Belo Horizonte,A,1.7,Bom
794,70,6168.94,Belo Horizonte,A,4.1,Regular
795,64,6752.11,Vitória,B,5.6,Ruim
796,34,5504.62,Vitória,A,8.4,Bom
797,50,4105.81,Belo Horizonte,A,6.2,Regular
798,63,6171.17,Belo Horizonte,A,2.2,Regular
799,60,10703.11,Rio de Janeiro,A,7.1,Ruim
800,31,8024.6,São Paulo,A,7.6,Regular
801,25,1988.38,São Paulo,A,3.6,Regular
802,51,6057.73,Vitória,B,0.5,Regular
803,61,6875.13,Belo Horizonte,B,0.6,Ruim
804,20,11697.25,São Paulo,A,4.2,Ruim
805,58,6744.82,Vitória,B,0.4,Regular
806,67,4198.76,São Paulo,A,1.1,Ruim
807,30,8280.25,Vitória,B,9.8,Ruim
808,47,1475.63,Belo Horizonte,B,4.2,Bom
809,25,2317.18,Belo Horizonte,A,8.4,Ruim
810,,4554.78,Rio de Janeiro,A,0.4,Ruim
811,62,9991.17,Vitória,A,6.5,Regular
812,53,2600.58,Belo Horizonte,B,6.9,Bom
813,19,8352.73,Vitória,A,5.4,Ruim
814,21,11070.14,São Paulo,B,0.2,Regular
815,20,2310.85,São Paulo,B,4.6,Ruim
816,28,7681.17,Rio de Janeiro,A,9.4,Ruim
817,42,5546.96,Vitória,A,3.8,Ruim
818,60,7172.07,São Paulo,B,0.1,Ruim
819,52,10516.36,São Paulo,B,1.5,Regular
820,54,6809.13,Belo Horizonte,B,3.7,Ruim
821,61,10980.43,Vitória,A,3.6,Regular
822,,8777.47,Belo Horizonte,A,5.5,Ruim
823,46,7651.03,São Paulo,B,7.3,Bom
824,22,2636.89,São Paulo,B,3.3,Bom
825,17,10907.25,Vitória,A,6.3,Ruim
826,28,6952.75,Belo Horizonte,A,9.7,Ruim
827,56,2305.3,Belo Horizonte,A,2.8,Regular
828,17,1314.91,Belo Horizonte,A,9.5,Regular
829,68,,Belo Horizonte,B,8.1,Bom
830,33,2858.11,Rio de Janeiro,B,8.8,Regular
831,26,10937.62,Rio de Janeiro,A,2.4,Regular
832,49,9198.88,Belo Horizonte,A,1.7,Regular
833,51,2586.63,Rio de Janeiro,B,7.5,Bom
834,23,11720.7,Rio de Janeiro,B,2.7,Ruim
835,51,2942.3,Belo Horizonte,B,0.0,Bom
836,48,9598.2,São Paulo,A,7.2,Ruim
837,52,6552.27,São Paulo,B,8.9,Bom
838,19,9227.53,Vitória,A,4.3,Ruim
839,30,2944.6,Vitória,B,4.8,Regular
840,45,9221.84,São Paulo,B,0.7,Regular
841,57,12564.38,São Paulo,A,5.1,Ruim
842,51,7870.53,Belo Horizonte,B,4.1,Bom
843,64,3949.07,Rio de Janeiro,B,0.3,Ruim
844,22,7554.39,Vitória,A,9.0,Regular
845,33,11046.19,São Paulo,,2.7,Regular
846,33,3641.14,Vitória,A,7.9,Bom
847,61,8122.16,São Paulo,B,4.7,Regular
848,48,10957.93,Vitória,B,4.0,Regular
849,44,11753.83,Vitória,B,2.8,Regular
850,58,7406.96,Vitória,B,2.0,Regular
851,59,8888.02,Rio de Janeiro,B,3.1,Ruim
852,45,3832.13,São Paulo,B,7.0,Ruim
853,55,9812.62,Belo Horizonte,B,7.1,Ruim
854,56,3050.81,Belo Horizonte,B,2.7,Bom
855,24,11717.1,Vitória,A,8.9,Bom
856,24,4922.46,Rio de Janeiro,A,4.9,Ruim
857,39,8471.12,São Paulo,B,5.4,Regular
858,39,9598.79,Belo Horizonte,B,6.0,Regular
859,45,8562.78,Vitória,A,9.7,Ruim
860,22,6284.72,Rio de Janeiro,A,9.6,Ruim
861,30,4222.94,,A,0.4,Bom
862,45,12421.34,São Paulo,B,2.4,Regular
863,26,4305.71,São Paulo,B,0.7,Bom
864,29,8487.79,Rio de Janeiro,B,3.6,Bom
865,18,5277.95,Rio de Janeiro,A,7.8,Ruim
866,58,9589.26,São Paulo,A,8.3,Regular
867,60,4268.56,Belo Horizonte,A,8.3,Bom
868,46,4647.95,Vitória,A,10.0,Bom
869,54,6382.57,Belo Horizonte,B,0.6,Regular
870,48,5604.7,Belo Horizonte,A,2.7,Ruim
871,26,5517.53,Vitória,B,0.2,Regular
872,55,1684.45,Belo Horizonte,A,6.3,Regular
873,50,4915.1,São Paulo,A,8.3,Ruim
874,27,8659.55,Rio de Janeiro,B,9.5,Ruim
875,19,10313.11,Belo Horizonte,B,5.2,Bom
876,36,11120.79,Belo Horizonte,B,5.2,Bom
877,26,10396.02,Vitória,A,1.4,Regular
878,46,4691.89,São Paulo,B,1.2,Bom
879,30,7980.37,Belo Horizonte,A,1.2,Regular
880,30,2221.6,Belo Horizonte,B,9.7,Ruim
881,54,3308.56,São Paulo,B,9.3,Regular
882,67,2294.28,Rio de Janeiro,B,0.3,Ruim
883,59,1484.99,Vitória,A,3.4,Ruim
884,64,3017.51,Rio de Janeiro,A,3.5,Bom
885,19,1877.08,Rio de Janeiro,A,3.5,Bom
886,21,11761.81,São Paulo,B,,Regular
887,25,3255.16,Vitória,B,7.0,Bom
888,48,9598.8,Vitória,A,0.7,Regular
889,17,12305.74,,B,6.1,Bom
890,47,4445.12,Rio de Janeiro,B,4.2,Bom
891,58,10981.88,São Paulo,B,4.8,Regular
892,41,2730.96,São Paulo,A,1.8,Bom
893,38,6567.63,Rio de Janeiro,B,4.1,
894,33,1465.07,Belo Horizonte,A,7.6,Bom
895,55,6157.4,Belo Horizonte,A,2.9,Regular
896,51,7848.95,Vitória,B,7.5,Ruim
897,24,1617.12,Vitória,A,6.3,Regular
898,19,8878.13,São Paulo,B,8.1,Ruim
899,43,6468.39,São Paulo,B,8.3,Bom
900,70,4005.97,Belo Horizonte,B,6.3,Regular
901,24,10001.52,Belo Horizonte,B,8.6,Regular
902,60,4289.14,Vitória,A,4.1,Bom
903,50,11530.19,Vitória,A,2.2,Regular
904,64,10451.98,Rio de Janeiro,B,6.9,Ruim
905,16,5886.58,Belo Horizonte,B,1.5,Regular
906,46,2515.39,São Paulo,B,9.7,Ruim
907,58,12446.21,Rio de Janeiro,A,3.3,Bom
908,28,7834.04,Belo Horizonte,B,1.1,Regular
909,33,12098.91,Rio de Janeiro,B,9.9,Bom
910,53,2505.68,Rio de Janeiro,B,8.7,Bom
911,69,8816.34,Vitória,B,5.8,Bom
912,69,,São Paulo,A,4.2,Ruim
913,55,4983.92,Rio de Janeiro,B,7.5,Regular
914,42,11658.34,Belo Horizonte,A,1.7,Regular
915,60,5489.17,Rio de Janeiro,B,7.4,Ruim
916,16,12649.22,Belo Horizonte,A,0.7,Regular
917,39,11991.58,Belo Horizonte,B,3.6,Bom
918,25,2161.65,São Paulo,A,4.0,Bom
919,56,1368.21,São Paulo,B,3.2,Regular
920,42,8995.36,Vitória,A,9.3,Bom
921,63,8681.7,Belo Horizonte,B,9.5,Regular
922,67,5927.87,Vitória,A,3.4,Bom
923,32,3519.44,Vitória,A,4.7,Bom
924,41,10462.12,Vitória,A,7.8,Bom
925,32,5107.72,Vitória,B,2.5,Regular
926,61,4156.64,Belo Horizonte,A,4.4,Regular
927,69,3500.62,São Paulo,B,2.2,Ruim
928,29,2596.81,Vitória,A,6.6,Regular
929,36,9256.94,Belo Horizonte,A,2.8,Ruim
930,34,3838.64,Vitória,B,5.6,Regular
931,37,9245.93,Belo Horizonte,B,5.7,Ruim
932,59,12355.57,Rio de Janeiro,B,1.5,Regular
933,21,11955.88,São Paulo,A,4.3,Ruim
934,18,1750.01,São Paulo,A,0.6,Regular
935,40,12579.11,São Paulo,A,8.5,Regular
936,38,7143.14,Rio de Janeiro,B,2.7,Bom
937,53,1911.39,Vitória,B,4.0,Bom
938,70,10478.85,Belo Horizonte,B,,Regular
939,35,5784.07,São Paulo,A,0.7,Ruim
940,26,11740.07,São Paulo,B,5.0,Bom
941,35,8080.39,Belo Horizonte,A,8.2,Ruim
942,36,2902.79,Belo Horizonte,B,2.3,Regular
943,35,5230.07,Rio de Janeiro,A,7.9,Bom
944,19,2601.46,Vitória,A,2.1,Bom
945,42,10908.8,Rio de Janeiro,A,3.1,Ruim
946,16,10048.41,Vitória,B,8.4,Ruim
947,24,8402.28,Vitória,A,0.9,Ruim
948,45,4714.25,Rio de Janeiro,B,4.3,Regular
949,22,11026.31,São Paulo,B,7.7,Regular
950,43,11931.09,Rio de Janeiro,B,1.3,Bom
951,63,2914.1,Vitória,B,3.1,Bom
952,29,5560.55,Vitória,A,0.7,Regular
953,39,3567.37,Rio de Janeiro,B,6.3,Regular
954,51,2928.19,Rio de Janeiro,B,0.1,Bom
955,24,9126.66,Rio de Janeiro,B,2.9,Ruim
956,59,11995.16,Rio de Janeiro,A,0.1,Ruim
957,52,10716.23,Vitória,A,3.8,Ruim
958,70,8123.49,São Paulo,A,2.5,Regular
959,68,10094.7,Belo Horizonte,A,3.7,Regular
960,49,11654.66,Belo Horizonte,A,8.5,Ruim
961,43,1964.07,Vitória,A,1.2,Regular
962,55,12689.53,Vitória,B,4.0,Bom
963,58,2827.28,Vitória,A,7.9,Bom
964,21,7403.95,São Paulo,B,2.8,Bom
965,49,7220.52,São Paulo,B,5.2,Regular
966,17,10844.39,Rio de Janeiro,B,3.4,Bom
967,60,6451.53,Belo Horizonte,A,9.0,Regular
968,42,12767.05,Belo Horizonte,A,0.9,Regular
969,58,3127.7,São Paulo,A,2.9,Ruim
970,32,3303.83,Belo Horizonte,B,3.0,Regular
971,67,8162.03,São Paulo,A,1.5,Bom
972,54,10974.09,Rio de Janeiro,A,5.6,Ruim
973,28,11802.66,Belo Horizonte,A,0.5,Regular
974,18,6661.97,São Paulo,A,1.3,Bom
975,65,11730.94,São Paulo,A,4.2,Regular
976,18,9756.77,Rio de Janeiro,A,3.0,Ruim
977,32,7696.5,Belo Horizonte,A,4.2,Bom
978,26,1428.75,Belo Horizonte,A,5.5,Bom
979,46,7249.75,Vitória,A,2.3,Bom
980,29,5855.71,Belo Horizonte,B,5.5,Regular
981,32,5130.32,São Paulo,A,8.1,Bom
982,58,12172.18,São Paulo,A,7.8,Bom
983,62,8115.08,Belo Horizonte,B,8.9,Ruim
984,67,9547.38,Belo Horizonte,A,6.0,Regular
985,69,6584.78,Belo Horizonte,A,3.3,Ruim
986,27,5458.05,Vitória,A,8.3,Bom
987,47,11923.26,Rio de Janeiro,A,3.7,Ruim
988,30,4561.76,Rio de Janeiro,A,8.5,Regular
989,56,3871.75,Belo Horizonte,B,3.0,Regular
990,20,1971.39,Belo Horizonte,A,0.1,Ruim
991,,5963.73,São Paulo,B,4.2,Bom
992,56,10494.11,São Paulo,A,8.5,Bom
993,62,2741.74,Rio de Janeiro,A,8.9,Bom
994,53,1851.97,São Paulo,B,5.6,Ruim
995,52,11456.4,São Paulo,A,7.6,Bom
996,37,8778.57,,A,1.1,Bom
997,41,10363.54,São Paulo,A,5.9,Ruim
998,44,10047.14,São Paulo,A,4.9,Bom
999,26,11415.59,São Paulo,A,2.6,Regular
1000,32,8046.34,Rio de Janeiro,A,6.0,Regular
